Value,Mandatory QA flags,Data quality flag,Cloud/Ocean Flag,Iterations,Atmospheric Opacity,MMD,Emissivity accuracy,LST accuracy
3,"Pixel not produced due to missing/bad data, user should check data quality flag bits",Good quality L1B data,Not set. Please check ECOSTRESS GEO and CLOUD products for this information.,Slow convergence,">=3 (Warm, humid air; or cold land)",>0.15 (Most silicate rocks),>0.02 (Poor performance),>2 K (Poor performance)
7,"Pixel not produced due to missing/bad data, user should check data quality flag bits",Missing stripe pixel in bands 1 and 5,Not set. Please check ECOSTRESS GEO and CLOUD products for this information.,Slow convergence,">=3 (Warm, humid air; or cold land)",>0.15 (Most silicate rocks),>0.02 (Poor performance),>2 K (Poor performance)
15,"Pixel not produced due to missing/bad data, user should check data quality flag bits",Missing/bad L1B data,Not set. Please check ECOSTRESS GEO and CLOUD products for this information.,Slow convergence,">=3 (Warm, humid air; or cold land)",>0.15 (Most silicate rocks),>0.02 (Poor performance),>2 K (Poor performance)
16386,"Pixel produced, but cloud detected",Good quality L1B data,Not set. Please check ECOSTRESS GEO and CLOUD products for this information.,Slow convergence,">=3 (Warm, humid air; or cold land)",>0.15 (Most silicate rocks),>0.02 (Poor performance),1.5 - 2 K (Marginal performance)
16390,"Pixel produced, but cloud detected",Missing stripe pixel in bands 1 and 5,Not set. Please check ECOSTRESS GEO and CLOUD products for this information.,Slow convergence,">=3 (Warm, humid air; or cold land)",>0.15 (Most silicate rocks),>0.02 (Poor performance),1.5 - 2 K (Marginal performance)
16399,"Pixel not produced due to missing/bad data, user should check data quality flag bits",Missing/bad L1B data,Not set. Please check ECOSTRESS GEO and CLOUD products for this information.,Slow convergence,">=3 (Warm, humid air; or cold land)",>0.15 (Most silicate rocks),>0.02 (Poor performance),1.5 - 2 K (Marginal performance)
16450,"Pixel produced, but cloud detected",Good quality L1B data,Not set. Please check ECOSTRESS GEO and CLOUD products for this information.,Nominal,">=3 (Warm, humid air; or cold land)",>0.15 (Most silicate rocks),>0.02 (Poor performance),1.5 - 2 K (Marginal performance)
16454,"Pixel produced, but cloud detected",Missing stripe pixel in bands 1 and 5,Not set. Please check ECOSTRESS GEO and CLOUD products for this information.,Nominal,">=3 (Warm, humid air; or cold land)",>0.15 (Most silicate rocks),>0.02 (Poor performance),1.5 - 2 K (Marginal performance)
16514,"Pixel produced, but cloud detected",Good quality L1B data,Not set. Please check ECOSTRESS GEO and CLOUD products for this information.,Nominal,">=3 (Warm, humid air; or cold land)",>0.15 (Most silicate rocks),>0.02 (Poor performance),1.5 - 2 K (Marginal performance)
16518,"Pixel produced, but cloud detected",Missing stripe pixel in bands 1 and 5,Not set. Please check ECOSTRESS GEO and CLOUD products for this information.,Nominal,">=3 (Warm, humid air; or cold land)",>0.15 (Most silicate rocks),>0.02 (Poor performance),1.5 - 2 K (Marginal performance)
16578,"Pixel produced, but cloud detected",Good quality L1B data,Not set. Please check ECOSTRESS GEO and CLOUD products for this information.,Fast,">=3 (Warm, humid air; or cold land)",>0.15 (Most silicate rocks),>0.02 (Poor performance),1.5 - 2 K (Marginal performance)
16582,"Pixel produced, but cloud detected",Missing stripe pixel in bands 1 and 5,Not set. Please check ECOSTRESS GEO and CLOUD products for this information.,Fast,">=3 (Warm, humid air; or cold land)",>0.15 (Most silicate rocks),>0.02 (Poor performance),1.5 - 2 K (Marginal performance)
16834,"Pixel produced, but cloud detected",Good quality L1B data,Not set. Please check ECOSTRESS GEO and CLOUD products for this information.,Fast,0.2 - 0.3 (Nominal value),>0.15 (Most silicate rocks),>0.02 (Poor performance),1.5 - 2 K (Marginal performance)
16838,"Pixel produced, but cloud detected",Missing stripe pixel in bands 1 and 5,Not set. Please check ECOSTRESS GEO and CLOUD products for this information.,Fast,0.2 - 0.3 (Nominal value),>0.15 (Most silicate rocks),>0.02 (Poor performance),1.5 - 2 K (Marginal performance)
17088,"Pixel produced, best quality",Good quality L1B data,Not set. Please check ECOSTRESS GEO and CLOUD products for this information.,Fast,0.1 - 0.2 (Nominal value),>0.15 (Most silicate rocks),>0.02 (Poor performance),1.5 - 2 K (Marginal performance)
17089,"Pixel produced, nominal quality",Good quality L1B data,Not set. Please check ECOSTRESS GEO and CLOUD products for this information.,Fast,0.1 - 0.2 (Nominal value),>0.15 (Most silicate rocks),>0.02 (Poor performance),1.5 - 2 K (Marginal performance)
17090,"Pixel produced, but cloud detected",Good quality L1B data,Not set. Please check ECOSTRESS GEO and CLOUD products for this information.,Fast,0.1 - 0.2 (Nominal value),>0.15 (Most silicate rocks),>0.02 (Poor performance),1.5 - 2 K (Marginal performance)
17094,"Pixel produced, but cloud detected",Missing stripe pixel in bands 1 and 5,Not set. Please check ECOSTRESS GEO and CLOUD products for this information.,Fast,0.1 - 0.2 (Nominal value),>0.15 (Most silicate rocks),>0.02 (Poor performance),1.5 - 2 K (Marginal performance)
17538,"Pixel produced, but cloud detected",Good quality L1B data,Not set. Please check ECOSTRESS GEO and CLOUD products for this information.,Nominal,">=3 (Warm, humid air; or cold land)","0.1 - 0.15 (Rocks, sand, some soils)",>0.02 (Poor performance),1.5 - 2 K (Marginal performance)
17602,"Pixel produced, but cloud detected",Good quality L1B data,Not set. Please check ECOSTRESS GEO and CLOUD products for this information.,Fast,">=3 (Warm, humid air; or cold land)","0.1 - 0.15 (Rocks, sand, some soils)",>0.02 (Poor performance),1.5 - 2 K (Marginal performance)
17606,"Pixel produced, but cloud detected",Missing stripe pixel in bands 1 and 5,Not set. Please check ECOSTRESS GEO and CLOUD products for this information.,Fast,">=3 (Warm, humid air; or cold land)","0.1 - 0.15 (Rocks, sand, some soils)",>0.02 (Poor performance),1.5 - 2 K (Marginal performance)
17856,"Pixel produced, best quality",Good quality L1B data,Not set. Please check ECOSTRESS GEO and CLOUD products for this information.,Fast,0.2 - 0.3 (Nominal value),"0.1 - 0.15 (Rocks, sand, some soils)",>0.02 (Poor performance),1.5 - 2 K (Marginal performance)
17858,"Pixel produced, but cloud detected",Good quality L1B data,Not set. Please check ECOSTRESS GEO and CLOUD products for this information.,Fast,0.2 - 0.3 (Nominal value),"0.1 - 0.15 (Rocks, sand, some soils)",>0.02 (Poor performance),1.5 - 2 K (Marginal performance)
17862,"Pixel produced, but cloud detected",Missing stripe pixel in bands 1 and 5,Not set. Please check ECOSTRESS GEO and CLOUD products for this information.,Fast,0.2 - 0.3 (Nominal value),"0.1 - 0.15 (Rocks, sand, some soils)",>0.02 (Poor performance),1.5 - 2 K (Marginal performance)
18112,"Pixel produced, best quality",Good quality L1B data,Not set. Please check ECOSTRESS GEO and CLOUD products for this information.,Fast,0.1 - 0.2 (Nominal value),"0.1 - 0.15 (Rocks, sand, some soils)",>0.02 (Poor performance),1.5 - 2 K (Marginal performance)
18113,"Pixel produced, nominal quality",Good quality L1B data,Not set. Please check ECOSTRESS GEO and CLOUD products for this information.,Fast,0.1 - 0.2 (Nominal value),"0.1 - 0.15 (Rocks, sand, some soils)",>0.02 (Poor performance),1.5 - 2 K (Marginal performance)
18114,"Pixel produced, but cloud detected",Good quality L1B data,Not set. Please check ECOSTRESS GEO and CLOUD products for this information.,Fast,0.1 - 0.2 (Nominal value),"0.1 - 0.15 (Rocks, sand, some soils)",>0.02 (Poor performance),1.5 - 2 K (Marginal performance)
18117,"Pixel produced, nominal quality",Missing stripe pixel in bands 1 and 5,Not set. Please check ECOSTRESS GEO and CLOUD products for this information.,Fast,0.1 - 0.2 (Nominal value),"0.1 - 0.15 (Rocks, sand, some soils)",>0.02 (Poor performance),1.5 - 2 K (Marginal performance)
18118,"Pixel produced, but cloud detected",Missing stripe pixel in bands 1 and 5,Not set. Please check ECOSTRESS GEO and CLOUD products for this information.,Fast,0.1 - 0.2 (Nominal value),"0.1 - 0.15 (Rocks, sand, some soils)",>0.02 (Poor performance),1.5 - 2 K (Marginal performance)
18562,"Pixel produced, but cloud detected",Good quality L1B data,Not set. Please check ECOSTRESS GEO and CLOUD products for this information.,Nominal,">=3 (Warm, humid air; or cold land)","0.03 - 0.1 (Mostly soils, mixed pixel)",>0.02 (Poor performance),1.5 - 2 K (Marginal performance)
18626,"Pixel produced, but cloud detected",Good quality L1B data,Not set. Please check ECOSTRESS GEO and CLOUD products for this information.,Fast,">=3 (Warm, humid air; or cold land)","0.03 - 0.1 (Mostly soils, mixed pixel)",>0.02 (Poor performance),1.5 - 2 K (Marginal performance)
18630,"Pixel produced, but cloud detected",Missing stripe pixel in bands 1 and 5,Not set. Please check ECOSTRESS GEO and CLOUD products for this information.,Fast,">=3 (Warm, humid air; or cold land)","0.03 - 0.1 (Mostly soils, mixed pixel)",>0.02 (Poor performance),1.5 - 2 K (Marginal performance)
18880,"Pixel produced, best quality",Good quality L1B data,Not set. Please check ECOSTRESS GEO and CLOUD products for this information.,Fast,0.2 - 0.3 (Nominal value),"0.03 - 0.1 (Mostly soils, mixed pixel)",>0.02 (Poor performance),1.5 - 2 K (Marginal performance)
18882,"Pixel produced, but cloud detected",Good quality L1B data,Not set. Please check ECOSTRESS GEO and CLOUD products for this information.,Fast,0.2 - 0.3 (Nominal value),"0.03 - 0.1 (Mostly soils, mixed pixel)",>0.02 (Poor performance),1.5 - 2 K (Marginal performance)
18885,"Pixel produced, nominal quality",Missing stripe pixel in bands 1 and 5,Not set. Please check ECOSTRESS GEO and CLOUD products for this information.,Fast,0.2 - 0.3 (Nominal value),"0.03 - 0.1 (Mostly soils, mixed pixel)",>0.02 (Poor performance),1.5 - 2 K (Marginal performance)
18886,"Pixel produced, but cloud detected",Missing stripe pixel in bands 1 and 5,Not set. Please check ECOSTRESS GEO and CLOUD products for this information.,Fast,0.2 - 0.3 (Nominal value),"0.03 - 0.1 (Mostly soils, mixed pixel)",>0.02 (Poor performance),1.5 - 2 K (Marginal performance)
19136,"Pixel produced, best quality",Good quality L1B data,Not set. Please check ECOSTRESS GEO and CLOUD products for this information.,Fast,0.1 - 0.2 (Nominal value),"0.03 - 0.1 (Mostly soils, mixed pixel)",>0.02 (Poor performance),1.5 - 2 K (Marginal performance)
19137,"Pixel produced, nominal quality",Good quality L1B data,Not set. Please check ECOSTRESS GEO and CLOUD products for this information.,Fast,0.1 - 0.2 (Nominal value),"0.03 - 0.1 (Mostly soils, mixed pixel)",>0.02 (Poor performance),1.5 - 2 K (Marginal performance)
19138,"Pixel produced, but cloud detected",Good quality L1B data,Not set. Please check ECOSTRESS GEO and CLOUD products for this information.,Fast,0.1 - 0.2 (Nominal value),"0.03 - 0.1 (Mostly soils, mixed pixel)",>0.02 (Poor performance),1.5 - 2 K (Marginal performance)
19141,"Pixel produced, nominal quality",Missing stripe pixel in bands 1 and 5,Not set. Please check ECOSTRESS GEO and CLOUD products for this information.,Fast,0.1 - 0.2 (Nominal value),"0.03 - 0.1 (Mostly soils, mixed pixel)",>0.02 (Poor performance),1.5 - 2 K (Marginal performance)
19142,"Pixel produced, but cloud detected",Missing stripe pixel in bands 1 and 5,Not set. Please check ECOSTRESS GEO and CLOUD products for this information.,Fast,0.1 - 0.2 (Nominal value),"0.03 - 0.1 (Mostly soils, mixed pixel)",>0.02 (Poor performance),1.5 - 2 K (Marginal performance)
19650,"Pixel produced, but cloud detected",Good quality L1B data,Not set. Please check ECOSTRESS GEO and CLOUD products for this information.,Fast,">=3 (Warm, humid air; or cold land)","<0.03 (Vegetation, snow, water, ice)",>0.02 (Poor performance),1.5 - 2 K (Marginal performance)
19904,"Pixel produced, best quality",Good quality L1B data,Not set. Please check ECOSTRESS GEO and CLOUD products for this information.,Fast,0.2 - 0.3 (Nominal value),"<0.03 (Vegetation, snow, water, ice)",>0.02 (Poor performance),1.5 - 2 K (Marginal performance)
19906,"Pixel produced, but cloud detected",Good quality L1B data,Not set. Please check ECOSTRESS GEO and CLOUD products for this information.,Fast,0.2 - 0.3 (Nominal value),"<0.03 (Vegetation, snow, water, ice)",>0.02 (Poor performance),1.5 - 2 K (Marginal performance)
19909,"Pixel produced, nominal quality",Missing stripe pixel in bands 1 and 5,Not set. Please check ECOSTRESS GEO and CLOUD products for this information.,Fast,0.2 - 0.3 (Nominal value),"<0.03 (Vegetation, snow, water, ice)",>0.02 (Poor performance),1.5 - 2 K (Marginal performance)
19910,"Pixel produced, but cloud detected",Missing stripe pixel in bands 1 and 5,Not set. Please check ECOSTRESS GEO and CLOUD products for this information.,Fast,0.2 - 0.3 (Nominal value),"<0.03 (Vegetation, snow, water, ice)",>0.02 (Poor performance),1.5 - 2 K (Marginal performance)
20160,"Pixel produced, best quality",Good quality L1B data,Not set. Please check ECOSTRESS GEO and CLOUD products for this information.,Fast,0.1 - 0.2 (Nominal value),"<0.03 (Vegetation, snow, water, ice)",>0.02 (Poor performance),1.5 - 2 K (Marginal performance)
20162,"Pixel produced, but cloud detected",Good quality L1B data,Not set. Please check ECOSTRESS GEO and CLOUD products for this information.,Fast,0.1 - 0.2 (Nominal value),"<0.03 (Vegetation, snow, water, ice)",>0.02 (Poor performance),1.5 - 2 K (Marginal performance)
20165,"Pixel produced, nominal quality",Missing stripe pixel in bands 1 and 5,Not set. Please check ECOSTRESS GEO and CLOUD products for this information.,Fast,0.1 - 0.2 (Nominal value),"<0.03 (Vegetation, snow, water, ice)",>0.02 (Poor performance),1.5 - 2 K (Marginal performance)
20166,"Pixel produced, but cloud detected",Missing stripe pixel in bands 1 and 5,Not set. Please check ECOSTRESS GEO and CLOUD products for this information.,Fast,0.1 - 0.2 (Nominal value),"<0.03 (Vegetation, snow, water, ice)",>0.02 (Poor performance),1.5 - 2 K (Marginal performance)
32783,"Pixel not produced due to missing/bad data, user should check data quality flag bits",Missing/bad L1B data,Not set. Please check ECOSTRESS GEO and CLOUD products for this information.,Slow convergence,">=3 (Warm, humid air; or cold land)",>0.15 (Most silicate rocks),>0.02 (Poor performance),1 - 1.5 K (Good performance)
32962,"Pixel produced, but cloud detected",Good quality L1B data,Not set. Please check ECOSTRESS GEO and CLOUD products for this information.,Fast,">=3 (Warm, humid air; or cold land)",>0.15 (Most silicate rocks),>0.02 (Poor performance),1 - 1.5 K (Good performance)
33218,"Pixel produced, but cloud detected",Good quality L1B data,Not set. Please check ECOSTRESS GEO and CLOUD products for this information.,Fast,0.2 - 0.3 (Nominal value),>0.15 (Most silicate rocks),>0.02 (Poor performance),1 - 1.5 K (Good performance)
33222,"Pixel produced, but cloud detected",Missing stripe pixel in bands 1 and 5,Not set. Please check ECOSTRESS GEO and CLOUD products for this information.,Fast,0.2 - 0.3 (Nominal value),>0.15 (Most silicate rocks),>0.02 (Poor performance),1 - 1.5 K (Good performance)
33472,"Pixel produced, best quality",Good quality L1B data,Not set. Please check ECOSTRESS GEO and CLOUD products for this information.,Fast,0.1 - 0.2 (Nominal value),>0.15 (Most silicate rocks),>0.02 (Poor performance),1 - 1.5 K (Good performance)
33474,"Pixel produced, but cloud detected",Good quality L1B data,Not set. Please check ECOSTRESS GEO and CLOUD products for this information.,Fast,0.1 - 0.2 (Nominal value),>0.15 (Most silicate rocks),>0.02 (Poor performance),1 - 1.5 K (Good performance)
33478,"Pixel produced, but cloud detected",Missing stripe pixel in bands 1 and 5,Not set. Please check ECOSTRESS GEO and CLOUD products for this information.,Fast,0.1 - 0.2 (Nominal value),>0.15 (Most silicate rocks),>0.02 (Poor performance),1 - 1.5 K (Good performance)
33986,"Pixel produced, but cloud detected",Good quality L1B data,Not set. Please check ECOSTRESS GEO and CLOUD products for this information.,Fast,">=3 (Warm, humid air; or cold land)","0.1 - 0.15 (Rocks, sand, some soils)",>0.02 (Poor performance),1 - 1.5 K (Good performance)
34240,"Pixel produced, best quality",Good quality L1B data,Not set. Please check ECOSTRESS GEO and CLOUD products for this information.,Fast,0.2 - 0.3 (Nominal value),"0.1 - 0.15 (Rocks, sand, some soils)",>0.02 (Poor performance),1 - 1.5 K (Good performance)
34242,"Pixel produced, but cloud detected",Good quality L1B data,Not set. Please check ECOSTRESS GEO and CLOUD products for this information.,Fast,0.2 - 0.3 (Nominal value),"0.1 - 0.15 (Rocks, sand, some soils)",>0.02 (Poor performance),1 - 1.5 K (Good performance)
34246,"Pixel produced, but cloud detected",Missing stripe pixel in bands 1 and 5,Not set. Please check ECOSTRESS GEO and CLOUD products for this information.,Fast,0.2 - 0.3 (Nominal value),"0.1 - 0.15 (Rocks, sand, some soils)",>0.02 (Poor performance),1 - 1.5 K (Good performance)
34496,"Pixel produced, best quality",Good quality L1B data,Not set. Please check ECOSTRESS GEO and CLOUD products for this information.,Fast,0.1 - 0.2 (Nominal value),"0.1 - 0.15 (Rocks, sand, some soils)",>0.02 (Poor performance),1 - 1.5 K (Good performance)
34497,"Pixel produced, nominal quality",Good quality L1B data,Not set. Please check ECOSTRESS GEO and CLOUD products for this information.,Fast,0.1 - 0.2 (Nominal value),"0.1 - 0.15 (Rocks, sand, some soils)",>0.02 (Poor performance),1 - 1.5 K (Good performance)
34498,"Pixel produced, but cloud detected",Good quality L1B data,Not set. Please check ECOSTRESS GEO and CLOUD products for this information.,Fast,0.1 - 0.2 (Nominal value),"0.1 - 0.15 (Rocks, sand, some soils)",>0.02 (Poor performance),1 - 1.5 K (Good performance)
34502,"Pixel produced, but cloud detected",Missing stripe pixel in bands 1 and 5,Not set. Please check ECOSTRESS GEO and CLOUD products for this information.,Fast,0.1 - 0.2 (Nominal value),"0.1 - 0.15 (Rocks, sand, some soils)",>0.02 (Poor performance),1 - 1.5 K (Good performance)
35010,"Pixel produced, but cloud detected",Good quality L1B data,Not set. Please check ECOSTRESS GEO and CLOUD products for this information.,Fast,">=3 (Warm, humid air; or cold land)","0.03 - 0.1 (Mostly soils, mixed pixel)",>0.02 (Poor performance),1 - 1.5 K (Good performance)
35264,"Pixel produced, best quality",Good quality L1B data,Not set. Please check ECOSTRESS GEO and CLOUD products for this information.,Fast,0.2 - 0.3 (Nominal value),"0.03 - 0.1 (Mostly soils, mixed pixel)",>0.02 (Poor performance),1 - 1.5 K (Good performance)
35266,"Pixel produced, but cloud detected",Good quality L1B data,Not set. Please check ECOSTRESS GEO and CLOUD products for this information.,Fast,0.2 - 0.3 (Nominal value),"0.03 - 0.1 (Mostly soils, mixed pixel)",>0.02 (Poor performance),1 - 1.5 K (Good performance)
35269,"Pixel produced, nominal quality",Missing stripe pixel in bands 1 and 5,Not set. Please check ECOSTRESS GEO and CLOUD products for this information.,Fast,0.2 - 0.3 (Nominal value),"0.03 - 0.1 (Mostly soils, mixed pixel)",>0.02 (Poor performance),1 - 1.5 K (Good performance)
35270,"Pixel produced, but cloud detected",Missing stripe pixel in bands 1 and 5,Not set. Please check ECOSTRESS GEO and CLOUD products for this information.,Fast,0.2 - 0.3 (Nominal value),"0.03 - 0.1 (Mostly soils, mixed pixel)",>0.02 (Poor performance),1 - 1.5 K (Good performance)
35520,"Pixel produced, best quality",Good quality L1B data,Not set. Please check ECOSTRESS GEO and CLOUD products for this information.,Fast,0.1 - 0.2 (Nominal value),"0.03 - 0.1 (Mostly soils, mixed pixel)",>0.02 (Poor performance),1 - 1.5 K (Good performance)
35521,"Pixel produced, nominal quality",Good quality L1B data,Not set. Please check ECOSTRESS GEO and CLOUD products for this information.,Fast,0.1 - 0.2 (Nominal value),"0.03 - 0.1 (Mostly soils, mixed pixel)",>0.02 (Poor performance),1 - 1.5 K (Good performance)
35522,"Pixel produced, but cloud detected",Good quality L1B data,Not set. Please check ECOSTRESS GEO and CLOUD products for this information.,Fast,0.1 - 0.2 (Nominal value),"0.03 - 0.1 (Mostly soils, mixed pixel)",>0.02 (Poor performance),1 - 1.5 K (Good performance)
35525,"Pixel produced, nominal quality",Missing stripe pixel in bands 1 and 5,Not set. Please check ECOSTRESS GEO and CLOUD products for this information.,Fast,0.1 - 0.2 (Nominal value),"0.03 - 0.1 (Mostly soils, mixed pixel)",>0.02 (Poor performance),1 - 1.5 K (Good performance)
35526,"Pixel produced, but cloud detected",Missing stripe pixel in bands 1 and 5,Not set. Please check ECOSTRESS GEO and CLOUD products for this information.,Fast,0.1 - 0.2 (Nominal value),"0.03 - 0.1 (Mostly soils, mixed pixel)",>0.02 (Poor performance),1 - 1.5 K (Good performance)
36288,"Pixel produced, best quality",Good quality L1B data,Not set. Please check ECOSTRESS GEO and CLOUD products for this information.,Fast,0.2 - 0.3 (Nominal value),"<0.03 (Vegetation, snow, water, ice)",>0.02 (Poor performance),1 - 1.5 K (Good performance)
36290,"Pixel produced, but cloud detected",Good quality L1B data,Not set. Please check ECOSTRESS GEO and CLOUD products for this information.,Fast,0.2 - 0.3 (Nominal value),"<0.03 (Vegetation, snow, water, ice)",>0.02 (Poor performance),1 - 1.5 K (Good performance)
36293,"Pixel produced, nominal quality",Missing stripe pixel in bands 1 and 5,Not set. Please check ECOSTRESS GEO and CLOUD products for this information.,Fast,0.2 - 0.3 (Nominal value),"<0.03 (Vegetation, snow, water, ice)",>0.02 (Poor performance),1 - 1.5 K (Good performance)
36294,"Pixel produced, but cloud detected",Missing stripe pixel in bands 1 and 5,Not set. Please check ECOSTRESS GEO and CLOUD products for this information.,Fast,0.2 - 0.3 (Nominal value),"<0.03 (Vegetation, snow, water, ice)",>0.02 (Poor performance),1 - 1.5 K (Good performance)
36544,"Pixel produced, best quality",Good quality L1B data,Not set. Please check ECOSTRESS GEO and CLOUD products for this information.,Fast,0.1 - 0.2 (Nominal value),"<0.03 (Vegetation, snow, water, ice)",>0.02 (Poor performance),1 - 1.5 K (Good performance)
36546,"Pixel produced, but cloud detected",Good quality L1B data,Not set. Please check ECOSTRESS GEO and CLOUD products for this information.,Fast,0.1 - 0.2 (Nominal value),"<0.03 (Vegetation, snow, water, ice)",>0.02 (Poor performance),1 - 1.5 K (Good performance)
36549,"Pixel produced, nominal quality",Missing stripe pixel in bands 1 and 5,Not set. Please check ECOSTRESS GEO and CLOUD products for this information.,Fast,0.1 - 0.2 (Nominal value),"<0.03 (Vegetation, snow, water, ice)",>0.02 (Poor performance),1 - 1.5 K (Good performance)
36550,"Pixel produced, but cloud detected",Missing stripe pixel in bands 1 and 5,Not set. Please check ECOSTRESS GEO and CLOUD products for this information.,Fast,0.1 - 0.2 (Nominal value),"<0.03 (Vegetation, snow, water, ice)",>0.02 (Poor performance),1 - 1.5 K (Good performance)
36930,"Pixel produced, but cloud detected",Good quality L1B data,Not set. Please check ECOSTRESS GEO and CLOUD products for this information.,Nominal,">=3 (Warm, humid air; or cold land)",>0.15 (Most silicate rocks),0.015 - 0.02 (Marginal performance),1 - 1.5 K (Good performance)
36934,"Pixel produced, but cloud detected",Missing stripe pixel in bands 1 and 5,Not set. Please check ECOSTRESS GEO and CLOUD products for this information.,Nominal,">=3 (Warm, humid air; or cold land)",>0.15 (Most silicate rocks),0.015 - 0.02 (Marginal performance),1 - 1.5 K (Good performance)
36994,"Pixel produced, but cloud detected",Good quality L1B data,Not set. Please check ECOSTRESS GEO and CLOUD products for this information.,Nominal,">=3 (Warm, humid air; or cold land)",>0.15 (Most silicate rocks),0.015 - 0.02 (Marginal performance),1 - 1.5 K (Good performance)
36998,"Pixel produced, but cloud detected",Missing stripe pixel in bands 1 and 5,Not set. Please check ECOSTRESS GEO and CLOUD products for this information.,Nominal,">=3 (Warm, humid air; or cold land)",>0.15 (Most silicate rocks),0.015 - 0.02 (Marginal performance),1 - 1.5 K (Good performance)
37058,"Pixel produced, but cloud detected",Good quality L1B data,Not set. Please check ECOSTRESS GEO and CLOUD products for this information.,Fast,">=3 (Warm, humid air; or cold land)",>0.15 (Most silicate rocks),0.015 - 0.02 (Marginal performance),1 - 1.5 K (Good performance)
37062,"Pixel produced, but cloud detected",Missing stripe pixel in bands 1 and 5,Not set. Please check ECOSTRESS GEO and CLOUD products for this information.,Fast,">=3 (Warm, humid air; or cold land)",>0.15 (Most silicate rocks),0.015 - 0.02 (Marginal performance),1 - 1.5 K (Good performance)
37314,"Pixel produced, but cloud detected",Good quality L1B data,Not set. Please check ECOSTRESS GEO and CLOUD products for this information.,Fast,0.2 - 0.3 (Nominal value),>0.15 (Most silicate rocks),0.015 - 0.02 (Marginal performance),1 - 1.5 K (Good performance)
37318,"Pixel produced, but cloud detected",Missing stripe pixel in bands 1 and 5,Not set. Please check ECOSTRESS GEO and CLOUD products for this information.,Fast,0.2 - 0.3 (Nominal value),>0.15 (Most silicate rocks),0.015 - 0.02 (Marginal performance),1 - 1.5 K (Good performance)
37568,"Pixel produced, best quality",Good quality L1B data,Not set. Please check ECOSTRESS GEO and CLOUD products for this information.,Fast,0.1 - 0.2 (Nominal value),>0.15 (Most silicate rocks),0.015 - 0.02 (Marginal performance),1 - 1.5 K (Good performance)
37569,"Pixel produced, nominal quality",Good quality L1B data,Not set. Please check ECOSTRESS GEO and CLOUD products for this information.,Fast,0.1 - 0.2 (Nominal value),>0.15 (Most silicate rocks),0.015 - 0.02 (Marginal performance),1 - 1.5 K (Good performance)
37570,"Pixel produced, but cloud detected",Good quality L1B data,Not set. Please check ECOSTRESS GEO and CLOUD products for this information.,Fast,0.1 - 0.2 (Nominal value),>0.15 (Most silicate rocks),0.015 - 0.02 (Marginal performance),1 - 1.5 K (Good performance)
37573,"Pixel produced, nominal quality",Missing stripe pixel in bands 1 and 5,Not set. Please check ECOSTRESS GEO and CLOUD products for this information.,Fast,0.1 - 0.2 (Nominal value),>0.15 (Most silicate rocks),0.015 - 0.02 (Marginal performance),1 - 1.5 K (Good performance)
37574,"Pixel produced, but cloud detected",Missing stripe pixel in bands 1 and 5,Not set. Please check ECOSTRESS GEO and CLOUD products for this information.,Fast,0.1 - 0.2 (Nominal value),>0.15 (Most silicate rocks),0.015 - 0.02 (Marginal performance),1 - 1.5 K (Good performance)
38338,"Pixel produced, but cloud detected",Good quality L1B data,Not set. Please check ECOSTRESS GEO and CLOUD products for this information.,Fast,0.2 - 0.3 (Nominal value),"0.1 - 0.15 (Rocks, sand, some soils)",0.015 - 0.02 (Marginal performance),1 - 1.5 K (Good performance)
38592,"Pixel produced, best quality",Good quality L1B data,Not set. Please check ECOSTRESS GEO and CLOUD products for this information.,Fast,0.1 - 0.2 (Nominal value),"0.1 - 0.15 (Rocks, sand, some soils)",0.015 - 0.02 (Marginal performance),1 - 1.5 K (Good performance)
38593,"Pixel produced, nominal quality",Good quality L1B data,Not set. Please check ECOSTRESS GEO and CLOUD products for this information.,Fast,0.1 - 0.2 (Nominal value),"0.1 - 0.15 (Rocks, sand, some soils)",0.015 - 0.02 (Marginal performance),1 - 1.5 K (Good performance)
38594,"Pixel produced, but cloud detected",Good quality L1B data,Not set. Please check ECOSTRESS GEO and CLOUD products for this information.,Fast,0.1 - 0.2 (Nominal value),"0.1 - 0.15 (Rocks, sand, some soils)",0.015 - 0.02 (Marginal performance),1 - 1.5 K (Good performance)
38597,"Pixel produced, nominal quality",Missing stripe pixel in bands 1 and 5,Not set. Please check ECOSTRESS GEO and CLOUD products for this information.,Fast,0.1 - 0.2 (Nominal value),"0.1 - 0.15 (Rocks, sand, some soils)",0.015 - 0.02 (Marginal performance),1 - 1.5 K (Good performance)
38598,"Pixel produced, but cloud detected",Missing stripe pixel in bands 1 and 5,Not set. Please check ECOSTRESS GEO and CLOUD products for this information.,Fast,0.1 - 0.2 (Nominal value),"0.1 - 0.15 (Rocks, sand, some soils)",0.015 - 0.02 (Marginal performance),1 - 1.5 K (Good performance)
38848,"Pixel produced, best quality",Good quality L1B data,Not set. Please check ECOSTRESS GEO and CLOUD products for this information.,Fast,"<0.1 (Dry, or high altitude pixel)","0.1 - 0.15 (Rocks, sand, some soils)",0.015 - 0.02 (Marginal performance),1 - 1.5 K (Good performance)
38849,"Pixel produced, nominal quality",Good quality L1B data,Not set. Please check ECOSTRESS GEO and CLOUD products for this information.,Fast,"<0.1 (Dry, or high altitude pixel)","0.1 - 0.15 (Rocks, sand, some soils)",0.015 - 0.02 (Marginal performance),1 - 1.5 K (Good performance)
38850,"Pixel produced, but cloud detected",Good quality L1B data,Not set. Please check ECOSTRESS GEO and CLOUD products for this information.,Fast,"<0.1 (Dry, or high altitude pixel)","0.1 - 0.15 (Rocks, sand, some soils)",0.015 - 0.02 (Marginal performance),1 - 1.5 K (Good performance)
38854,"Pixel produced, but cloud detected",Missing stripe pixel in bands 1 and 5,Not set. Please check ECOSTRESS GEO and CLOUD products for this information.,Fast,"<0.1 (Dry, or high altitude pixel)","0.1 - 0.15 (Rocks, sand, some soils)",0.015 - 0.02 (Marginal performance),1 - 1.5 K (Good performance)
39362,"Pixel produced, but cloud detected",Good quality L1B data,Not set. Please check ECOSTRESS GEO and CLOUD products for this information.,Fast,0.2 - 0.3 (Nominal value),"0.03 - 0.1 (Mostly soils, mixed pixel)",0.015 - 0.02 (Marginal performance),1 - 1.5 K (Good performance)
39366,"Pixel produced, but cloud detected",Missing stripe pixel in bands 1 and 5,Not set. Please check ECOSTRESS GEO and CLOUD products for this information.,Fast,0.2 - 0.3 (Nominal value),"0.03 - 0.1 (Mostly soils, mixed pixel)",0.015 - 0.02 (Marginal performance),1 - 1.5 K (Good performance)
39616,"Pixel produced, best quality",Good quality L1B data,Not set. Please check ECOSTRESS GEO and CLOUD products for this information.,Fast,0.1 - 0.2 (Nominal value),"0.03 - 0.1 (Mostly soils, mixed pixel)",0.015 - 0.02 (Marginal performance),1 - 1.5 K (Good performance)
39617,"Pixel produced, nominal quality",Good quality L1B data,Not set. Please check ECOSTRESS GEO and CLOUD products for this information.,Fast,0.1 - 0.2 (Nominal value),"0.03 - 0.1 (Mostly soils, mixed pixel)",0.015 - 0.02 (Marginal performance),1 - 1.5 K (Good performance)
39618,"Pixel produced, but cloud detected",Good quality L1B data,Not set. Please check ECOSTRESS GEO and CLOUD products for this information.,Fast,0.1 - 0.2 (Nominal value),"0.03 - 0.1 (Mostly soils, mixed pixel)",0.015 - 0.02 (Marginal performance),1 - 1.5 K (Good performance)
39621,"Pixel produced, nominal quality",Missing stripe pixel in bands 1 and 5,Not set. Please check ECOSTRESS GEO and CLOUD products for this information.,Fast,0.1 - 0.2 (Nominal value),"0.03 - 0.1 (Mostly soils, mixed pixel)",0.015 - 0.02 (Marginal performance),1 - 1.5 K (Good performance)
39622,"Pixel produced, but cloud detected",Missing stripe pixel in bands 1 and 5,Not set. Please check ECOSTRESS GEO and CLOUD products for this information.,Fast,0.1 - 0.2 (Nominal value),"0.03 - 0.1 (Mostly soils, mixed pixel)",0.015 - 0.02 (Marginal performance),1 - 1.5 K (Good performance)
39872,"Pixel produced, best quality",Good quality L1B data,Not set. Please check ECOSTRESS GEO and CLOUD products for this information.,Fast,"<0.1 (Dry, or high altitude pixel)","0.03 - 0.1 (Mostly soils, mixed pixel)",0.015 - 0.02 (Marginal performance),1 - 1.5 K (Good performance)
39873,"Pixel produced, nominal quality",Good quality L1B data,Not set. Please check ECOSTRESS GEO and CLOUD products for this information.,Fast,"<0.1 (Dry, or high altitude pixel)","0.03 - 0.1 (Mostly soils, mixed pixel)",0.015 - 0.02 (Marginal performance),1 - 1.5 K (Good performance)
39874,"Pixel produced, but cloud detected",Good quality L1B data,Not set. Please check ECOSTRESS GEO and CLOUD products for this information.,Fast,"<0.1 (Dry, or high altitude pixel)","0.03 - 0.1 (Mostly soils, mixed pixel)",0.015 - 0.02 (Marginal performance),1 - 1.5 K (Good performance)
39877,"Pixel produced, nominal quality",Missing stripe pixel in bands 1 and 5,Not set. Please check ECOSTRESS GEO and CLOUD products for this information.,Fast,"<0.1 (Dry, or high altitude pixel)","0.03 - 0.1 (Mostly soils, mixed pixel)",0.015 - 0.02 (Marginal performance),1 - 1.5 K (Good performance)
39878,"Pixel produced, but cloud detected",Missing stripe pixel in bands 1 and 5,Not set. Please check ECOSTRESS GEO and CLOUD products for this information.,Fast,"<0.1 (Dry, or high altitude pixel)","0.03 - 0.1 (Mostly soils, mixed pixel)",0.015 - 0.02 (Marginal performance),1 - 1.5 K (Good performance)
40386,"Pixel produced, but cloud detected",Good quality L1B data,Not set. Please check ECOSTRESS GEO and CLOUD products for this information.,Fast,0.2 - 0.3 (Nominal value),"<0.03 (Vegetation, snow, water, ice)",0.015 - 0.02 (Marginal performance),1 - 1.5 K (Good performance)
40640,"Pixel produced, best quality",Good quality L1B data,Not set. Please check ECOSTRESS GEO and CLOUD products for this information.,Fast,0.1 - 0.2 (Nominal value),"<0.03 (Vegetation, snow, water, ice)",0.015 - 0.02 (Marginal performance),1 - 1.5 K (Good performance)
40642,"Pixel produced, but cloud detected",Good quality L1B data,Not set. Please check ECOSTRESS GEO and CLOUD products for this information.,Fast,0.1 - 0.2 (Nominal value),"<0.03 (Vegetation, snow, water, ice)",0.015 - 0.02 (Marginal performance),1 - 1.5 K (Good performance)
40645,"Pixel produced, nominal quality",Missing stripe pixel in bands 1 and 5,Not set. Please check ECOSTRESS GEO and CLOUD products for this information.,Fast,0.1 - 0.2 (Nominal value),"<0.03 (Vegetation, snow, water, ice)",0.015 - 0.02 (Marginal performance),1 - 1.5 K (Good performance)
40646,"Pixel produced, but cloud detected",Missing stripe pixel in bands 1 and 5,Not set. Please check ECOSTRESS GEO and CLOUD products for this information.,Fast,0.1 - 0.2 (Nominal value),"<0.03 (Vegetation, snow, water, ice)",0.015 - 0.02 (Marginal performance),1 - 1.5 K (Good performance)
40896,"Pixel produced, best quality",Good quality L1B data,Not set. Please check ECOSTRESS GEO and CLOUD products for this information.,Fast,"<0.1 (Dry, or high altitude pixel)","<0.03 (Vegetation, snow, water, ice)",0.015 - 0.02 (Marginal performance),1 - 1.5 K (Good performance)
40898,"Pixel produced, but cloud detected",Good quality L1B data,Not set. Please check ECOSTRESS GEO and CLOUD products for this information.,Fast,"<0.1 (Dry, or high altitude pixel)","<0.03 (Vegetation, snow, water, ice)",0.015 - 0.02 (Marginal performance),1 - 1.5 K (Good performance)
40901,"Pixel produced, nominal quality",Missing stripe pixel in bands 1 and 5,Not set. Please check ECOSTRESS GEO and CLOUD products for this information.,Fast,"<0.1 (Dry, or high altitude pixel)","<0.03 (Vegetation, snow, water, ice)",0.015 - 0.02 (Marginal performance),1 - 1.5 K (Good performance)
40902,"Pixel produced, but cloud detected",Missing stripe pixel in bands 1 and 5,Not set. Please check ECOSTRESS GEO and CLOUD products for this information.,Fast,"<0.1 (Dry, or high altitude pixel)","<0.03 (Vegetation, snow, water, ice)",0.015 - 0.02 (Marginal performance),1 - 1.5 K (Good performance)
43712,"Pixel produced, best quality",Good quality L1B data,Not set. Please check ECOSTRESS GEO and CLOUD products for this information.,Fast,0.1 - 0.2 (Nominal value),"0.03 - 0.1 (Mostly soils, mixed pixel)",0.01 - 0.015 (Good performance),1 - 1.5 K (Good performance)
43714,"Pixel produced, but cloud detected",Good quality L1B data,Not set. Please check ECOSTRESS GEO and CLOUD products for this information.,Fast,0.1 - 0.2 (Nominal value),"0.03 - 0.1 (Mostly soils, mixed pixel)",0.01 - 0.015 (Good performance),1 - 1.5 K (Good performance)
43717,"Pixel produced, nominal quality",Missing stripe pixel in bands 1 and 5,Not set. Please check ECOSTRESS GEO and CLOUD products for this information.,Fast,0.1 - 0.2 (Nominal value),"0.03 - 0.1 (Mostly soils, mixed pixel)",0.01 - 0.015 (Good performance),1 - 1.5 K (Good performance)
44736,"Pixel produced, best quality",Good quality L1B data,Not set. Please check ECOSTRESS GEO and CLOUD products for this information.,Fast,0.1 - 0.2 (Nominal value),"<0.03 (Vegetation, snow, water, ice)",0.01 - 0.015 (Good performance),1 - 1.5 K (Good performance)
44738,"Pixel produced, but cloud detected",Good quality L1B data,Not set. Please check ECOSTRESS GEO and CLOUD products for this information.,Fast,0.1 - 0.2 (Nominal value),"<0.03 (Vegetation, snow, water, ice)",0.01 - 0.015 (Good performance),1 - 1.5 K (Good performance)
44741,"Pixel produced, nominal quality",Missing stripe pixel in bands 1 and 5,Not set. Please check ECOSTRESS GEO and CLOUD products for this information.,Fast,0.1 - 0.2 (Nominal value),"<0.03 (Vegetation, snow, water, ice)",0.01 - 0.015 (Good performance),1 - 1.5 K (Good performance)
44742,"Pixel produced, but cloud detected",Missing stripe pixel in bands 1 and 5,Not set. Please check ECOSTRESS GEO and CLOUD products for this information.,Fast,0.1 - 0.2 (Nominal value),"<0.03 (Vegetation, snow, water, ice)",0.01 - 0.015 (Good performance),1 - 1.5 K (Good performance)
